Customer_ID,First_name,Last_name,Email,Address
1,Jessica,Fletcher,harringtonfelicia@example.com,"PSC 0028, Box 3354, APO AP 23015"
2,Sarah,Johnson,hullmary@example.net,"Unit 5355 Box 0389, DPO AP 74175"
3,Angela,Mccall,huberjoshua@example.net,"927 Jessica Harbor Apt. 677, New Carlosland, MN 63747"
4,Maria,Cox,nancy58@example.com,"113 Jose Plains Apt. 558, New Shariview, MO 25713"
5,Amanda,Hawkins,jmccormick@example.org,"3755 Jerome Centers Apt. 318, Desireeview, MT 24464"
6,Nancy,Tucker,dowens@example.com,"8743 Miller Cliffs, North James, ND 79760"
7,Robin,Carroll,terripeck@example.net,"6424 Courtney Field Apt. 311, Tateland, NJ 57895"
8,William,Foster,jaredlambert@example.com,"056 Davis Villages Apt. 318, Swansonland, NV 24091"
9,Hunter,Smith,huynhaaron@example.org,"23587 Andrews Terrace, South Matthewport, NC 77732"
10,Micheal,James,juliehamilton@example.com,"9291 Joseph Ferry, Hannahbury, VA 26275"
11,Robert,Lawrence,barkershelby@example.org,"48422 Joe View, Porterburgh, AZ 65328"
12,Matthew,Brown,christopher32@example.com,"69900 Irwin Village Suite 698, West Lauraport, NH 58698"
13,Sandra,Shaffer,walkercarlos@example.org,"43791 Michelle Trafficway, West Martha, MO 57577"
14,Pamela,Le,orobinson@example.com,"13474 Andrew Bypass Suite 263, South Kennethburgh, OK 53094"
15,Tara,Evans,wardvalerie@example.org,"7488 Bullock Wall Suite 486, Kennethfurt, MN 56357"
16,Justin,Fuller,srose@example.org,"2617 Cheryl Fords Suite 704, Anitachester, AL 28812"
17,Bill,Stanton,gonzalezlori@example.net,"187 Abigail Throughway, Port Richardhaven, WY 45381"
18,Lindsey,Young,kim74@example.com,"596 Rhonda Knoll, Coreyton, CO 88096"
19,Elizabeth,Kennedy,hgreen@example.net,"48407 Jessica Drive Apt. 044, East Deborahborough, LA 36840"
20,Jaime,Blackburn,michaelwest@example.net,"54779 Christensen Motorway Suite 158, South Lauren, GA 86603"
21,Amanda,Wilson,sarah33@example.org,"05518 Hunter Prairie, Laurenton, NE 09040"
22,Terri,Mendoza,williamslisa@example.org,"89615 Smith Roads Apt. 150, Elizabethfort, GU 48171"
23,Benjamin,Brown,rita89@example.com,"7957 Yolanda Villages Suite 709, West Amytown, PW 40756"
24,Sarah,Fisher,beckerjustin@example.org,"688 James Station Suite 149, Cynthiaville, NV 77296"
25,Antonio,Nguyen,jeffrey49@example.net,"116 Flores Glen, Stevenchester, KY 59568"
26,Tami,Nelson,lynn97@example.org,"276 Whitehead Lights Apt. 721, Crystalberg, ID 83916"
27,Candace,Rivera,wheelerrobert@example.net,"7894 Kimberly Rapid Suite 174, New Anthony, FL 99546"
28,Kenneth,Day,snyderalejandro@example.net,"USNV Brown, FPO AA 30141"
29,Lisa,Graves,tmartinez@example.net,"894 Tammy Keys, Loristad, OK 91450"
30,Tricia,Larson,adam87@example.com,"USNS Pruitt, FPO AE 34573"
31,Sarah,Roberts,loricastillo@example.net,"4324 Bailey Drive, West Amy, MH 81040"
32,Michael,Lopez,rodriguezbriana@example.com,"7703 Perry Garden, Joshuafort, MI 85983"
33,Robert,Wu,latoyagordon@example.org,"38610 Robert Underpass Apt. 800, Bensonmouth, HI 26384"
34,Thomas,Garza,margaret45@example.com,"37779 Anthony Oval Suite 279, Lake Nicholasport, IN 56708"
35,Joseph,Wiggins,cindychavez@example.net,"204 Evans Shores, East Melissa, UT 27458"
36,Scott,Hernandez,bradrose@example.com,"31157 Taylor Islands, Garciatown, DC 65991"
37,Cody,Wright,keithsullivan@example.org,"27422 Kelley Lodge, Marieton, MP 52820"
38,Christopher,Johnson,deborahsherman@example.net,"1272 Jenkins Ford, Johnfort, FL 17839"
39,James,Cook,gonzalezjames@example.com,"446 Jessica Forge, Port Nathaniel, WV 63387"
40,Jacob,Young,imcdonald@example.com,"3431 Jasmine Fields Suite 178, Dylanshire, IN 98390"
41,Kristine,Gonzalez,parkeraaron@example.org,"1658 Villa Drive, New Joshuashire, MO 06402"
42,Kathryn,Brewer,cwarren@example.org,"838 Joe Summit Apt. 031, Timothychester, NM 55302"
43,Richard,Banks,randyanderson@example.net,"394 Darlene Corners Suite 322, Theresastad, OK 02150"
44,Margaret,Morris,stephensjason@example.org,"59406 Schaefer Inlet Apt. 312, Chenhaven, KS 27158"
45,Elaine,Macias,aarontran@example.org,"347 May Meadow Suite 547, West Jodyborough, SD 36241"
46,Travis,Mcfarland,watkinsglenn@example.org,"330 Susan Springs Suite 225, Rosston, CT 79794"
47,Carrie,Simon,vlong@example.net,"07073 Sherry Points, Ryanburgh, NJ 30781"
48,Robin,Rice,jsmith@example.com,"4903 Donovan Motorway, East Jessicachester, DC 43263"
49,Ashley,Moore,martinezchristopher@example.org,"546 Jimenez Port Apt. 347, East Richardland, PR 61437"
50,Tara,Miller,blanchardolivia@example.net,"406 Kevin Plaza Suite 799, Timothymouth, AL 48007"
51,Thomas,Fisher,coreygiles@example.org,"84424 Stephanie Course, North Jason, WY 69382"
52,Stephen,Manning,dedwards@example.com,"6381 Gentry Spring, West Justin, WV 95566"
53,Jason,Williams,garycoleman@example.org,"304 Gordon Manor Apt. 367, Markston, WA 22210"
54,Jeanne,Wolf,laura71@example.com,"0166 Ruth Springs Apt. 592, South Jonathan, KY 43825"
55,Janet,Peterson,hartterry@example.org,"37409 Toni Inlet Apt. 438, Johnville, CT 40664"
56,Michael,Hendrix,hernandezamber@example.com,"510 Gregory Mall, South Daniel, MT 38172"
57,Krystal,Mahoney,marie93@example.org,"2769 Troy Station, South Frederick, NC 59473"
58,Autumn,Mcintyre,upowers@example.net,"364 Smith Mills, East Lisashire, UT 42604"
59,Jacob,Velasquez,michaela29@example.net,"7008 Hill Station, Amandafurt, PR 25076"
60,Michelle,Lewis,ashleydixon@example.org,"51038 Rodriguez Streets Apt. 345, Adkinsfort, OK 56383"
61,Shelly,Stanley,ataylor@example.net,"435 Emily Manors, East Danielshire, RI 77709"
62,Sarah,Miranda,johnsanders@example.org,"828 Noble Mills, Lake Madisonfort, PR 65886"
63,James,King,reynoldsnicole@example.org,"9958 Holder Mount Suite 575, North Taylorburgh, DE 20825"
64,Lisa,Jackson,jenniferrivera@example.net,"10268 Jacqueline Dam, Pattersonbury, MP 14582"
65,Teresa,Buchanan,tgomez@example.org,"56442 Blake Port Apt. 335, Lake Michael, WY 38592"
66,Jessica,Jacobs,angelaford@example.net,"097 Conner Freeway, Rebekahfort, CA 53115"
67,Miguel,Porter,dawn23@example.net,"299 David Bridge Suite 886, East Gregory, SD 78033"
68,Collin,Hogan,cookjames@example.net,"035 Shirley Tunnel Suite 793, North Kathryn, VI 47459"
69,Deanna,Walters,lovemary@example.com,"110 Nielsen Springs, Port Stacieburgh, MS 47361"
70,Timothy,Hart,benjamin35@example.org,"13598 Cameron Shoals Apt. 559, Bullockstad, VA 21097"
71,Kathryn,Hess,michael36@example.net,"347 Moore Shoal, East Mia, OK 26793"
72,Michael,Schultz,alexander23@example.org,"2405 Brian Track Apt. 205, Rachelfort, AS 34852"
73,Pamela,Brown,quinnjennifer@example.org,"775 Joseph Road, Michaelport, CT 79020"
74,Thomas,Newman,nancymooney@example.org,"871 Willie Corner Apt. 910, Andrewshire, TN 86144"
75,Janet,Evans,johnstonjacob@example.com,"848 Alexis Crest Apt. 346, Laurashire, MA 33860"
76,Christine,Murillo,swansoncrystal@example.org,"96798 Kayla Valleys, South Monique, AL 96923"
77,Steven,Gordon,gmcneil@example.org,"USNS Haney, FPO AA 13802"
78,Mitchell,Horton,matthewmatthews@example.org,"11985 Yates Dam Apt. 253, Stephenport, MD 80595"
79,Robert,Terry,dawn30@example.net,"27732 Moreno Dale Suite 657, South John, MI 14729"
80,Misty,Walls,maxwellallen@example.org,"8376 Morales Squares Apt. 187, North Judy, MP 04104"
81,William,Wong,kiddanna@example.org,"0312 Matthew Junction, Burgessborough, TN 27959"
82,Tara,Lopez,melissawallace@example.com,"22535 Kevin Lodge, Lewisland, UT 31335"
83,Eugene,Reid,michael02@example.com,"0586 Kathleen Ports Suite 949, Barnettberg, FM 44242"
84,Larry,Gross,vincentsarah@example.com,"233 Davis Trail Apt. 974, East Lori, OR 56420"
85,Sarah,Hall,michael96@example.org,"7639 Hill Roads, Taylorport, AR 98125"
86,Stacey,Franco,wayne98@example.org,"Unit 9745 Box 8328, DPO AA 04400"
87,Erika,Cohen,hartmanmarie@example.com,"022 Duncan Tunnel Suite 191, Marthaside, MT 61660"
88,Teresa,Taylor,wnielsen@example.org,"2956 Tucker Ridges Suite 259, South Timothyshire, CA 36888"
89,Bradley,Kline,heather93@example.org,"938 Horton Groves, West Patricia, MP 04459"
90,Tamara,Graham,johnreed@example.net,"33592 Mendez Radial Apt. 717, East Michaelville, GU 26561"
91,Alyssa,Miller,johnsonsheena@example.com,"PSC 8116, Box 1125, APO AA 84327"
92,Elizabeth,Gonzalez,mackenziemiller@example.com,"8096 Randy Valleys, Port Jenniferberg, AS 55177"
93,Sarah,Huff,flemingdebra@example.org,"Unit 3965 Box 8734, DPO AP 47871"
94,Kathy,Harvey,powellsteven@example.net,"962 Henry Path Suite 659, Johnnyville, SC 93914"
95,Kimberly,Logan,ismith@example.org,"5254 Janice Club, West Paultown, OK 52966"
96,Stacy,Ayala,mistyparks@example.org,"74836 Alexander Trace, Christopherport, GA 82175"
97,Carl,Perez,silvajessica@example.com,"91031 Richard Road, Port Laceyshire, TX 99798"
98,Anna,Schmitt,brianchavez@example.org,"102 Montoya Forges, Jillport, OR 07498"
99,Joseph,Sanders,emiller@example.com,"171 Sarah Burg, New Aaronfurt, CT 95365"
100,Michelle,King,bmartin@example.net,"6570 Kelly Port Apt. 329, West Aaronmouth, GU 07153"